ID,author,title,issued,containerTitle,volume,issue,page,link,citation
1,"Alphéraky, S.",Cheshuekrylyya (Lepidoptera) okrestnostei Taganroga (Lepidoptera of the environs of Taganrog),1876,Trudy Russkago Entomologicheskago Obshchestva [= Horae Societatis Entomologicae Rossicae],8,,150–226,https://biodiversitylibrary.org/page/47928548,
2,"Alphéraky, S.",Lepidoptera Caucasi Septentrionalis.,1876,Trudy Russkago Entomologicheskago Obshchestva [= Horae Societatis Entomologicae Rossicae],10,,3–53,https://biodiversitylibrary.org/page/47933033,
3,"Amsel, H.G.","Die Microlepidopteren der Brandt'schen Iran-Ausbeute, 5",1961,Arkiv för Zoologi,13,,323-446,,
4,"Amsel, H.G.",Neue palästinensische Lepidopteren,1935,Mitteilungen aus dem Zoologischen Museum in Berlin,20,,271–320,,
5,"Beccaloni, G., Scoble, M., Kitching, I., Simonsen, T., Robinson, G., Pitkin, B., Hine, A. & Lyal, C. (Editors)",The Global Lepidoptera Names Index (LepIndex),2018,Web database,,,,https://www.nhm.ac.uk/our-science/data/lepindex/lepindex/,
6,"Byun, B.-K.",Alucitidae (Lepidoptera) of Korea: Description of a new species and records of two previously unrecorded species,2006,Zootaxa,1188,,37–47,https://www.biotaxa.org/Zootaxa/article/view/zootaxa.1188.1.3,
7,"Byun, B.-K. & Park, K.-T.",Discovery of two new species of Alucitidae (Lepidoptera) from Vietnam,2007,Zootaxa,1390,,51–57,https://doi.org/10.11646%2Fzootaxa.1390.1.6,
8,"Caradja, A.",Beitrag zur Kenntnis der geographischen Verbreitung der Mikrolepidopteren des palaearktischen Faunengebietes nebst Beschreibung neuer Formen,1920,Deutsche entomologische Zeitschrift Iris,34,,75–179,https://www.biodiversitylibrary.org/part/101207,
9,"Caradja, A. & Meyrick, E.",Materialen zu einer Microlepidopteren-Fauna Kwan-tungs,1934,Deutsche entomologische Zeitschrift Iris,48,,28–43,,
10,"Chrétien, P.",Contribution a la connaissance des Lepidopteres,1915,Annales de la Société entomologique de France,84,,289–374,https://www.biodiversitylibrary.org/part/21039,
11,"Clarke, J.F.G.",Pyralidae and Microlepidoptera of the Marquesas Archipelago,1986,Smithsonian Contributions to Zoology,,,1–485,https://doi.org/10.5479/si.00810282.416,
12,"Cockerell, T.D.A.",Alucita hexadactyla L. in Colorado,1889,The Entomologist's Monthly Magazine,25,,213–214,https://biodiversitylibrary.org/page/30321136,
13,"Diakonoff, A.",Records and Descriptions of Microlepidoptera (2),1948,,,,483-524,,
14,"Diakonoff, A.",Microlepidoptera of New Guinea : results of the third Archbold expedition : (American-Netherlands Indian expedition 1938-1939) : part IV,1954,,,,196 pp.,https://www.biodiversitylibrary.org/page/51525402,
15,"Felder, R. & Rogenhofer, A.F.",Atlas der Heterocera,1875,Reise der Österreichischen Fregatte Novara um die Erde in den Jahren 1857-1859,2(2),,Zoology plate 140,https://www.biodiversitylibrary.org/page/1221396,
16,"Fleming, H.","A new genus and species of Orneodidae (moths) from Rancho Grande, North-central Venezuela.",1948,"Zoologica, Stuttgart",33,,39–41,https://biodiversitylibrary.org/page/52150432,
17,"Fletcher, T.B.",A new genus and species of Orneodidae (Lep.),1909,The Entomologist,42,,253-254,https://www.biodiversitylibrary.org/page/25338570,
18,"Fletcher, T.B.",The Orneodidae and Pterophoridae of the Seychelles Expedition,1910,"Transactions of the Linnean Society of London, 2nd Series, Zoology",13,,397–403,https://www.biodiversitylibrary.org/page/16399348,
19,"Fletcher, T.B.","XXVII. On Walker’s Types of Plume-moths in the National Collection: Redescriptions and Notes. T. Bainbrigge Fletcher R.N., F.L.S., F.E.S., F.Z.S. Imperial Entomologist to the Government of India",1926,Transactions of the Royal Entomological Society of London,73,,599–639,https://onlinelibrary.wiley.com/doi/abs/10.1111/j.1365-2311.1926.tb02653.x,
20,"Ghesquière, J.",Lépidoptères Microlépidoptères (première partie),1940,Annales du Musée Royal du Congo Belge. Zoologie,7,,1–120,,
21,"Gielis, C.","World Catalogue of Insects Volume 4, Pterophoroidea and Alucitoidea (Lepidoptera)",2003,World Catalogue of Insects,4,,1-198,,
22,"Gielis, C.","Additions to the Alucitidae of Papua, Indonesia (Lepidoptera)",2009,Boletin Sociedad Entomológica Aragonesa,44,,15–33,https://www.researchgate.net/publication/270338071_ADDITIONS_TO_THE_ALUCITIDAE_OF_PAPUA_INDONESIA_LEPIDOPTERA,
23,"Guenée, A.& Boisduval, J.A.","Histoire naturelle des insectes, Tome Huitième, Deltiïdes et Pyralites",1854,,,,,http://www.biodiversitylibrary.org/item/37754,
24,"Hampson, G.F.",On three remarkable new genera of micro-lepidoptera,1905,Trans. ent. Soc. London,1905,,245-249,https://www.biodiversitylibrary.org/page/14788065,
25,"Hampson, G.F.",Descriptions of new species of Pyralidae of the subfamily Pyraustinae (cont.),1913,Ann. Mag. nat. Hist. (Series 8),12(67),,299-319,https://www.biodiversitylibrary.org/page/22099786,
26,"Hannemann, H.J.",Über die Gattungszugehörigkeit von Alucita [Orneodes] dodecadactyla,1959,Deutsche Entomologische Zeitscrift (N.F.),6,,170-173,,
27,"Heikkilä, M., Mutanen, M., Wahlberg, N., Sihvonen, P. & Kaila, L.",Elusive ditrysian phylogeny: an account of combining systematized morphology with molecular data (Lepidoptera),2015,BMC Evolutionary Biology,,,15,https://doi.org/10.1186%2Fs12862-015-0520-0,
28,"Hering, M.",Sieben neue Arten der Gattung Orneodes (Mikrolepid.).,1917,Stettiner Entomologische Zeitung,78,,190–195,https://biodiversitylibrary.org/page/9271808,
29,"Hewitson, W.C. & Moore, F.",Descriptions of new Indian lepidopterous insects from the collection of the late Mr. W.S. Atkinson,1888,,,,,http://www.biodiversitylibrary.org/item/26805#page/216/mode/2up,
30,"Heydenreich, G.",Lepidopterorum europaeorum catalogus methodicus (Systematisches verzeichniss der europaeischen schmetterlinge),1851,,,,131 pp.,https://www.google.com.au/books/edition/Lepidopterorum_Europaeorum_catalogus_met/XJY-AAAAcAAJ,
31,"Hübner, J.",Sammlung europäischer Schmetterlinge,1813,,,,,http://www.biodiversitylibrary.org/item/89072#page/320/mode/2up,
32,"Hübner, J.",Verzeichniss bekannter Schmetterlinge,1825,,,,,http://www.biodiversitylibrary.org/item/103196#page/312/mode/2up,
33,"Inoue, H.",Two new species of Pyralidoidea from Japan.,1956,,,,257-258,,
34,"Jourdheuille, C.",Catalogue des Lépidoptères de l'Aube,1883,,,,5-229,https://gallica.bnf.fr/ark:/12148/bpt6k55313167/f5.image,
35,"Korb, S.K.","A new subspecies of Alucita kosterini Ustjuzhanin, 1999 (Lepidoptera: Alucitidae) from the Turkestansky mountain ridge, Tajikistan",2013,Entomologist's Gazette,64,,55–60,,
36,"Kovtunovich, V. & Ustjuzhanin, P.","Alucita zinovievi, new species of many-plumed moth from Cameroon (Lepidoptera, Alucitidae)",2016,Amurian zoological journal,8,,299–300,,
37,"Kuznetzov, V.I.",New species of microlepidoptera from Middle Asia,1978,Trudy zool. Inst. Leningr,71,,110–119,,
38,"Landry, B. & Landry, J.-F.","The genus Alucita in North America, with description of two new species (Lepidoptera: Alucitidae)",2004,The Canadian Entomologist,136,,553–579,https://pdfs.semanticscholar.org/fe7d/b82a6a979bd314dc48d873bba3cd8a098951.pdf,
39,"Latreille, P.A.",Précis des caractères génériques des Insectes disposés dans un ordre naturel par le Citoyen Latreille,1796,,,,i-xiv + 215 pp,https://www.biodiversitylibrary.org/page/42201773,
40,"Leach, W.E.",Entomology [pp. 57–172],1815,Brewster’s Edinburgh Encyclopedia Volume IX [part I],,,1-764,https://biodiversitylibrary.org/page/17493547,
42,"Linnaeus, C.","Systema naturae per regna tria naturae: secundum classes, ordines, genera, species, cum characteribus, differentiis, synonymis, locis",1758,,,,1-824,https://www.biodiversitylibrary.org/page/726886,
43,"Mastrigt, H.J.G. Van & Gielis, C.","Some important notes on Alucitidae (Lepidoptera) of Papua, Indonesia, with description of a new species",2009,Suara Serangga Papua,4,,34–39,https://www.sugapa.org/wp-content/uploads/2019/03/Some-important-notes-on-Alucitidae-Henk-van-Mastrigt-Cees-Gielis-SUGAPA-42-2009.pdf,
44,"Matsumura, S.",6000 illustrated Insects of Japan-Empire,1931,,,,,,
46,"Meyrick, E.",X. On the classification of the Australian Pyralidina,1885,Transactions of the Entomological Society of London,33,,421–456,https://www.biodiversitylibrary.org/page/13718223,
47,"Meyrick, E.",On the classification of the Pterophoridae,1886,Transactions of the Entomological Society of London,1886,,1–21,https://www.biodiversitylibrary.org/part/17470,
48,"Meyrick, E.",Transactions of the Royal Entomological Society of London,1887,,,,,http://www.biodiversitylibrary.org/item/48720#page/230/mode/2up,
49,"Meyrick, E.",Descriptions of additional Australian Pyralidina,1890,Proceedings of the Linnean Society of New South Wales,4,,1105–1116,https://www.biodiversitylibrary.org/part/15081,
50,"Meyrick, E.",Descriptions of Indian Micro-Lepidoptera,1905,The journal of the Bombay Natural History Society,16,,580–619,https://www.biodiversitylibrary.org/part/13703,
51,"Meyrick, E.",Descriptions of Indian Micro-Lepidoptera. II,1906,The Journal of the Bombay Natural History Society,17,,133–153,https://www.biodiversitylibrary.org/page/30119297,
52,"Meyrick, E.",Descriptions of Indian Micro-lepidoptera,1907,The Journal of the Bombay Natural History Society,17,,730–754,https://www.biodiversitylibrary.org/part/244333,
53,"Meyrick, E.",XXVII. Notes and Descriptions of Pterophoridae and Orneodidae.,1908,Transactions of the Entomological Society of London,1907,,471–511. [1907],https://biodiversitylibrary.org/page/13535013,
54,"Meyrick, E.",Descriptions of Transvaal Micro-Lepidoptera,1909,Annals of the Transvaal Museum,2,,"1–28, 8 plates",https://biodiversitylibrary.org/page/50494886,
55,"Meyrick, E.",Descriptions of Indian Microlepidoptera,1911,The Journal of the Bombay Natural History Society,21,,104–131,https://www.biodiversitylibrary.org/part/69016,
56,"Meyrick, E.",Descriptions of Transvaal Micro-Lepidoptera II,1911,Annals of the Transvaal Museum,2,,218–240,https://biodiversitylibrary.org/page/50495141,
57,"Meyrick, E.",Descriptions of South African Micro-Lepidoptera. IV.,1913,Annals of the Transvaal Museum,3,,267–336,https://biodiversitylibrary.org/page/50477201,
58,"Meyrick, E.",Descriptions of South African Micro-Lepidoptera,1918,Annals of the Transvaal Museum,6,,1–59,https://biodiversitylibrary.org/page/50361285,
59,"Meyrick, E.",Descriptions of South African Micro-lepidoptera,1920,Annals of the South African Museum. Annale van die Suid-Afrikaanse Museum,17,,273–318,https://www.biodiversitylibrary.org/part/22317,
60,"Meyrick, E.",Insectes Lépidoptères. II: Microlepidoptera,1920,Voyage de Ch. Alluaud et R. Jeannel en Afrique orientale (1911-1912). Résultats scientifiques.,10,,39-120,https://www.biodiversitylibrary.org/page/56561436,
61,"Meyrick, E.",Descriptions of South African Micro-Lepidoptera,1921,Annals of the Transvaal Museum,8,,49–148,https://biodiversitylibrary.org/page/50414570,
62,"Meyrick, E.",Exotic Microlepidoptera,1921,,2(13-15),,385-480,https://www.biodiversitylibrary.org/page/9808803,
63,"Meyrick, E.",Exotic Microlepidoptera,1924,,3(3-4),,65-128,https://www.biodiversitylibrary.org/page/60297425,
64,"Meyrick, E.",Exotic Microlepidoptera,1927,,3(11-12),,321-384,https://www.biodiversitylibrary.org/page/60297681,
65,"Meyrick, E.",Insects of Samoa and other Samoan Terrestrial Arthropoda. Part III. Lepidoptera Fasc. 2 Micro-Lepidoptera,1927,,,,65-116,https://biodiversitylibrary.org/page/43091138,
66,"Meyrick, E.",Exotic Microlepidoptera,1929,,3(16-17),,481-544,https://www.biodiversitylibrary.org/page/60297841,
67,"Meyrick, E.",Exotic Microlepidoptera,1931,,4(2-6),,33-192,https://www.biodiversitylibrary.org/page/60386480,
68,"Meyrick, E.",Exotic Microlepidoptera,1932,,4(7-11),,193-352,https://www.biodiversitylibrary.org/page/60386641,
69,"Meyrick, E.",Exotic Microlepidoptera,1934,,4(15-17),,449-544,https://www.biodiversitylibrary.org/page/60386673,
70,"Meyrick, E.","XL.—The Percy Sladen and Godman trusts expedition to the Islands in the Gulf of Guinea, October 1932–March 1933.—III. Micro-Lepidoptera",1934,Annals and Magazine of Natural History,14,,401–411,https://doi.org/10.1080/00222933408654913,
71,"Meyrick, E.",Exotic Microlepidoptera,1937,,5(3-5),,65-160,,
72,"Minet, J.","Contribution à l'étude des Microlépidoptères de Madagascar [Sesiidae, Alucitidae]",1976,Bulletin de la Societe Entomologique de France,81,,40–43,https://www.persee.fr/doc/bsef_0037-928x_1976_num_81_1_21501,
73,"Minet, J.",Ébauche d'une classification modern de l'ordre des Lépidoptères,1986,Alexanor,14,,291–313,,
74,"Nel, J.",Espèces nouvelles ou rarement signalées du microlépidoptères de France,2001,Bulletin de la Société Entomologique de France,106,,101–104,,
75,"Pagenstecher, A.",Die Lepidopterenfauna des Bismarck-Archipels. Mit Berücksichtigung der thiergeographischen und biologischen Verhältnisse systematisch dargestellt.,1900,"Zoologica, Stuttgart",12,,"1–268, Pls.",https://biodiversitylibrary.org/page/9096200,
76,"Pastrana, J.A.",Dos nuevas especies de Orneodidae de la Argentia y Paraguay (Lep.),1951,Anales de la Sociedad Científica Argentina,152,,116–126,https://www.biodiversitylibrary.org/part/168730,
77,"Pastrana, J.A.",Dos nuevos Orneódidos sudamericanos,1954,Physis. Revista de la Sociedad Argentina de Ciencias Naturales,20,,487–493,,
78,"Pastrana, J.A.",Nuevos Orneodidae (Lep.) neotropicales,1960,Revista de la Sociedad Entomológica Argentina,22,,85–91. [1959],https://www.biotaxa.org/RSEA/article/view/47837/41375,
79,"Scholz, A.",Zwei neue paläarktische Alucita-Arten (Lepidoptera Alucitidae).,1997,Alexanor,20,,51–58,,
80,"Scholz, A. & Jäckh, E.",Taxonomie und Verbreitung der westpaläarktischen Alucita-Arten (Lepidoptera: Alucitidae (Orneodidae)).,1994,Alexanor,18 Supplement,,[3]–[64],,
81,"Sinev, S.",Katalog cheshuekrylykh (Lepidoptera) Rossii Izdanie 2 (Catalogue of the Lepidoptera of Russia Edition 2),2019,Katalog cheshuekrylykh (Lepidoptera) Rossii Izdanie 2 (Catalogue of the Lepidoptera of Russia Edition 2),,,,https://www.zin.ru/books/Lepidoptera_Russia/index.html,
82,"Staudinger, O.",Diagnosen nebst kurzer Beschreibungen neuer andalusischer Lepidopteren,1859,Stettiner Entomologische Zeitung,20,,211-259,https://www.biodiversitylibrary.org/page/8985465,
83,"Stephens, J.F.","Illustrations of British entomology; or, a synopsis of indigenous Insects. containing their generic and specific distinctions. with an account of their metamorphoses, times of appearance, localities, food and economy",1835,,,,,http://www.biodiversitylibrary.org/item/34014#page/380/mode/2up,
84,"Strand, E.",Zoologische Ergebnisse der Expedition des Herrn G. Tessmann nach Süd-Kamerun und Spanisch-Guinea. Lepidoptera. IV.,1913,Archiv für Natureschichte (A),78,,30–84,https://biodiversitylibrary.org/page/13317674,
85,"Toll, S.","Untersuchung der Genitalien bei Pyrausta purpuralis L. und P. ostrinalis Hb., nebst Beschreibung 11 neuer Microlepidopteren - Arten",1936,Annales Musei Zoologici Polonici,11,,403–413,,
86,"Turati, E.",Spedizione Lepidotterologica in Cirenaica 1921-1922,1924,Atti della Società italiana di scienze naturali e del Museo civico di storia naturale di Milano,63,,21–191,,
87,"Turner, A.J.",New Australian Lepidoptera of the families Noctuidae and Pyralidae,1908,Transactions of the Royal Society of South Australia,32,,55-109,https://www.biodiversitylibrary.org/page/26250810,
88,"Turner, A.J.","Studies in Australian Lepidoptera, Pyralidae",1913,Proceedings of the Royal Society of Queensland,24,,111–163,https://www.biodiversitylibrary.org/part/35039,
89,"Turner, A.J.",Studies in Australian Lepidoptera,1922,Proceedings of the Royal Society of Victoria,35,,26–62,https://www.biodiversitylibrary.org/page/35546784,
90,"Turner, A.J.",Art. VI. New Australian Micro-Lepidoptera.,1923,,,,58-81,https://biodiversitylibrary.org/page/54337162,
91,"Ustjuzhanin, P.","A new Alucitid moth species from Montane Altai and South-East Kazakhstan (Lepidoptera, Alucitidae).",1993,Vestnik Zoologii,4,,83–85,,
92,"Ustjuzhanin, P.",New and little-known Palaearctic Species of Alucitidae (Lepidoptera),1999,Far Eastern Entomologist,68,,1–7,http://www.biosoil.ru/Files/FEE/00000102.pdf,
93,"Ustjuzhanin, P. & Kovtunovich, V.","A Revision of the Genus Microschismus Fletcher, 1909 (Lepidoptera: Alucitidae)",2011,African Invertebrates,52,,557–570,https://doi.org/10.5733%2Fafin.052.0215,
94,"Ustjuzhanin, P. & Kovtunovich, V.","New data on the many-plumed moths (Alucitidae, Lepidoptera) of the Far East of Russia",2014,Nota Lepidopterologica,37,,135–139,https://doi.org/10.3897/nl.37.8350,
95,"Ustjuzhanin, P. & Kovtunovich, V.","A new species of many-plumed moths (Lepidoptera, Alucitidae) from the south of the West Siberian Plain.",2016,Far Eastern Entomologist,322,,17–20,http://www.biosoil.ru/FEE/Publication/530,
96,"Ustjuzhanin, P. & Kovtunovich, V.",The Alucitidae (Lepidoptera) of Malawi with descriptions of five new species,2016,Zootaxa,4126(4),,533-547,https://doi.org/10.11646%2Fzootaxa.4126.4.5,
97,"Ustjuzhanin, P. & Kovtunovich, V.","Many-plumed moths of the republic of South Africa (Lepidoptera, Alucitidae)",2017,Ukrainian Journal of Ecology,7,,640–643,https://www.ujecology.com/abstract/manyplumed-moths-of-the-republic-of-south-africa-lepidoptera-alucitidae-713.html,
98,"Ustjuzhanin, P. & Kovtunovich, V.","To the first many-plumed moths fauna of Armenia (Lepidoptera, Alucitidae)",2017,Ukrainian Journal of Ecology,7,,633–634,,
99,"Ustjuzhanin, P. & Kovtunovich, V.","A newly discovered biodiversity hotspot of many-plumed moths in the Mount Cameroon area: first report on species diversity, with description of nine new species (Lepidoptera, Alucitidae)",2018,ZooKeys,777,,119–139,https://doi.org/10.3897/zookeys.777.24729,
100,"Ustjuzhanin, P. & Kovtunovich, V.",New species of many-plumed moths (Lepidoptera: Alucitidae) from Tanzania,2018,Zootaxa,4438,,167–175,https://doi.org/10.11646%2Fzootaxa.4438.1.9,
101,"Ustjuzhanin, P., Kovtunovich, V. & Hobern, D.",A taxonomic review of the genus Triscaedecia (Lepidoptera: Alucitidae) in the world fauna,2019,Zootaxa,4571,,373–382,https://doi.org/10.11646/zootaxa.4571.3.5,
102,"Ustjuzhanin, P., Kovtunovich, V., Maicher, V., Sáfián, S., Delabye, S., Streltzov, A. & Tropek, R.","Even hotter hotspot: description of seven new species of many-plumed moths (Lepidoptera, Alucitidae) from Mount Cameroon",2020,ZooKeys,935,,103–119,https://doi.org/10.3897/zookeys.935.49843,
103,"Ustjuzhanin, P.Y. & Kovtunovich, V.N.","Two new species of the many-plumed moth genus Alucita Linnaeus (Lepidoptera, Alucitidae) from Madagascar",2016,Entomological Review,96,,1115–1118,https://doi.org/10.1134%2Fs0013873816080169,
104,"Vargas, H.A.",A new species of Alucita L. (Lepidoptera: Alucitidae) from Northern Chile,2011,Neotropical Entomology,40,,85–88,http://dx.doi.org/10.1590/S1519-566X2011000100012,
105,"Viette, P.E.L.",Nouveaux Microlépidoptères de Madagascar,1956,Bulletin de la Société Zoologique de France,81,,88–99,,
106,"Viette, P.E.L.",Un nouveau Microlépidoptère parasite du caféier,1958,,,,457-459,,
107,"von Siebold, C.T. & Stannius, H.","Lehrbuch der vergleichenden Anatomie der Wirbellosen Thiere, Erster Theil",1848,,,,1-679,https://www.biodiversitylibrary.org/page/11149410,
108,"Walker, F.A.","List of the specimens of lepidopterous insects in the collection of the British Museum, part XVI. Deltoides",1859,,,,,http://www.biodiversitylibrary.org/item/120189,
109,"Walker, F.A.","List of the specimens of lepidopterous insects in the collection of the British Museum, part XXIX. Tineites",1864,,,,,https://www.biodiversitylibrary.org/page/38948139,
110,"Walker, F.A.","List of the specimens of lepidopterous insects in the collection of the British Museum, part XXXV. Supplement, part 5",1866,,,,,https://biodiversitylibrary.org/page/38720428,
111,"Wallengren, H.D.J.","Skandinaviens Fjädermott (Alucita, Lin.) Beskrifna af H.D.J. Wallengren",1859,Till Kongliga Svenska Vetenskaps-Akademiens Förhandlingar,3,,1–25,https://biodiversitylibrary.org/page/2566844,
112,"Wallengren, H.D.J.",Insecta Transvaaliensia.-- Bidrag till Transvaalska Republikens i Södra Afrika insektfauna,1875,,,,83-137,https://www.biodiversitylibrary.org/part/40968,
113,"Walsingham, T. de Grey","On the Tortricidae, Tineidae and Pterophoridae of South Africa",1881,Transactions of the Entomological Society of London,1881,,"219–285, Plate 13",https://biodiversitylibrary.org/page/14698206,
114,"Walsingham, T. de Grey",Entomologist's Monthly Magazine,1885,,,,,http://www.biodiversitylibrary.org/item/36504#page/206/mode/2up,
115,"Walsingham, T. de Grey",Microlepidoptera,1907,"Fauna Hawaiiensis, or the Zoology of the Sandwich (Hawaiian) Isles",1(5),,469--751,https://www.biodiversitylibrary.org/page/38854843,
116,"Walsingham, T. de Grey","A gigantic new species of Orneodina (Lepi.), Orneodes dohertyi sp. n.",1909,The Entomologist's Monthly Magazine,45,,174–175,https://biodiversitylibrary.org/page/9016367,
117,"Walsingham, T. de Grey",Biologia Centrali-Americana; or contribution to the knowledge of the flora and fauna of Mexico and Central America,1915,(Zool.) Lepid.-Heterocera,,,,https://biodiversitylibrary.org/page/593138,
118,"Wocke, M.F.","Die Schmetterlinge Deutschlands und der Schweiz, systematisch bearbeität M.F. Wocke, nebst analytischen Tabellen, &c (2)",1876,,,,,,
119,"Yang, C.Z.",Moths of North China 1,1977,,,,,,
120,"Zagulajev, A.K.","A guide to the insects of the European part of the USSR, Lepidoptera. Family Alucitidae",1986,Opredeliteli po Faune SSSR,43,,215–228,,
121,"Zagulajev, A.K.","New species of Microlepidoptera (Psychidae, Alucitidae) from the Crimea, Caucasus and Central Asia. Lepidoptera of arid zone of Eurasia",1992,Proceedings of the Zoological Institute of the Russian Academy of Sciences,248,,18–34,,
122,"Zagulajev, A.K.",New and little known species of alucits and incurvariid moths from North Caucasus and Zailijskiy Alatau,1993,Proceedings of the Zoological Institute of the Russian Academy of Sciences,251,,3-16,,
123,"Zagulajev, A.K.","New and little known species of moths of the fauna of Russia and neighbouring territories, VII",1994,Entomologicheskoe Obozrenie,73,,114–127,,
124,"Zagulajev, A.K.","New and little known species of moths of the fauna of Russia and neighbouring territories, VIII",1995,Entomologicheskoe Obozrenie,74,,105–119,,
125,"Zagulajev, A.K.",New species of the Multiplumed moths (Lepidoptera: Alucitidae) of the fauna of Russia and neighbouring countries. XII,2000,Entomological Review,79,,880–890,,
126,Zeller,"Isis, oder Encyclopädische Zeitung, von Oken",1847,,,,,https://www.biodiversitylibrary.org/item/47565,
127,"Zeller, P.C.","Vorläufer einer vollständigen Naturgeschichte den Pterophoriden, einer Nachtfalterfamilie",1841,Isis von Oken,1841,,"756–794, 827–891, Plate 4",https://www.biodiversitylibrary.org/item/47575,
128,"Zeller, P.C.",Revision der Pterophoriden,1852,Linnaea entomologica,6,,319–413,https://biodiversitylibrary.org/page/44485159,
129,"Zeller, P.C.",Exotische Microlepidoptera,1877,Horae Societatis Entomologicae Rossicae Variis Sermonibus in Rossia Usitatis ed,13,,3–493,https://biodiversitylibrary.org/page/12834243,
130,"Zimmerman, E.C.",Lepidoptera: Pyraloidea,1958,Insects of Hawaii,8,,1-456,http://hdl.handle.net/10125/7337,
131,"Ustjuzhanin, P., Kovtunovich, V. & Streltzov, A.",New species of many-plumed moth (Lepidoptera: Alucitidae) from the Democratic Republic of Congo,2020,Russian Entomological Journal,29(2),,199-202,https://kmkjournals.com/upload/PDF/REJ/29/ent29_2_199_202_Ustjuzhanin_et_al_for_Inet.pdf,
132,"Ustjuzhanin, P., Kovtunovich, V. & Streltzov, A.",New species of many-plumed moths (Lepidoptera: Alucitidae) from Liberia and Ghana (Western Africa),2020,Ecologica Montenegrina,32,,26-31,https://www.researchgate.net/publication/342337863,
133,"Buchsbaum, U. & Chen, M.-Y.","A new Alucitidae species from Taiwan (Lepidoptera, Alucitidae) (Contribution to the moths of Taiwan 15)",2019,Spixiana,42(2),,285-290,https://www.pfeil-verlag.de/wp-content/uploads/2020/02/SPIX_42_2_14_BU.pdf,
134,"Fletcher, T.B.",The plume-moths of Ceylon,1909,Spolia Zeylanica,6: 1-39,,5 pl.,https://www.biodiversitylibrary.org/page/59021966,
135,"Hampson, G.F.","Descriptions of new Pyralidae of the subfamily Hydrocampinae, Scoparianae, &c",1917,Ann. Mag. nat. Hist. (Series 8),20,,265-282,https://www.biodiversitylibrary.org/page/15611279,
136,"Hampson, G.F.",On new Thyrididae and Pyralidae,1906,Ann. Mag. nat. Hist. (Series 7),17,,189-222,https://www.biodiversitylibrary.org/page/19245407,
137,"Meyrick, E.",New microlepidoptera with notes on others,1939,Trans. Roy. Ent. Soc. London,89,,47-62,https://onlinelibrary.wiley.com/doi/abs/10.1111/j.1365-2311.1939.tb01022.x,
138,"Meyrick, E.",Exotic Microlepidoptera,1934,,4(20),,609-642,,
139,"Caradja, A.",Materialen zu einer Mikrolepidopterenfauna des Yangstetales bei Batang,1939,Deutsche entomologische Zeitschrift Iris,53,,15-26,https://www.biodiversitylibrary.org/part/101207,
140,"Rebel, H.",Lepidopteren,1905,Annalen des K.K. Naturhistorischen Hofmuseums,20,,189-219,https://www.biodiversitylibrary.org/page/5325333,
141,"Legrand, H.",Lépidoptères des îles Seychelles et d'Aldabra,1965,Mém. Mus. Nat. Hist. (A),37,,1-210,,
142,"Rebel, H.","Zoologische Ergebnisse der Expedition der Kaiserlichen Akademie der Wissenschaften nach Südarabien und Sokótra im Jahre 1898/99, Lepidopteren",1907,Denkschriften der Akademie der Wissenschaften,71(2),,31-130,https://www.zobodat.at/pdf/DAKW_71_2_0031-0130.pdf,
143,"Whalley, P.E.S.","The Natural history of Rennell Island, British Solomon Islands",1962,,4: 119-120,,plates.,,
144,"Caradja, A. & Meyrick, E.",Materialien zu einer Mikrolepidopterenfauna des Yuelingshanmassivs (Provinz Yuennan),1937,Deutsche entomologische Zeitschrift Iris,51,,137-182,,
145,"Meyrick, E.",The Micro-Lepidoptera of the St. George Expedition,1929 (dated 31 December 1928),Trans. ent. Soc. London,76,,489-521,,
146,"Hashimoto, S.",The genus Alucita of Japan,1984,Tyô to Ga,34,,111-123,https://www.jstage.jst.go.jp/article/lepid/34/3/34_KJ00006597483/_article,
147,"Orfila, R.N.",Orneodes riggii sp. nov.,1949,Comunicaciones del Museo Argentino de Ciencias Naturales Bernardino Rivadavia e Instituto Nacional de Investigacion de las Ciencias Naturales (Argentina). Zoologia,1: 1-8,,1 plate,,
148,"Zeller, P.C.",Bemerkungen über die auf einer Reise nach Italien und Sicilien beobachteten Schmetterlingsarten,1847,Isis von Oken,40,,881-914,https://www.biodiversitylibrary.org/page/13234103,
149,"Titova, O., Ustjuzhanin, P., Kovtunovich, V. & Streltsov, A.",First reliable record of many-plumed moth Pterotopteryx spilodesma (Lepidoptera: Alucitidae) on Sakhain Island,2020,Ecologica Montenegrina,35,,23-35,https://doi.org/10.37828/em.2020.28.5,
150,"Kovtunovich, V., Ustjuzhanin, P. & Streltsov, A.",New species of many-plumed moths (Lepidoptera: Alucitidae) from the Republic of South Africa,2019,Ecologica Montenegrina,26,,1-3,https://doi.org/10.37828/em.2019.26.1,
151,"Moreira, G.R.P., Pereira, C.M., Becker, V.O., Specht, A. & Gonçalves, G.L.",A new cecidogenous species of many-plumed moth (Alucitidae) associated with Cordiera A. Rich. ex DC. (Rubiaceae) in the Brazilian Cerrado,2019,Zoologia,36: e34604,,1-15,https://doi.org/10.3897/zoologia.36.e34604,
152,"Diakonoff, A.",Microlepidoptera of New Guinea : results of the third Archbold expedition : (American-Netherlands Indian expedition 1938-1939) : part I,1952,,,,167 pp.,https://www.biodiversitylibrary.org/page/51541288,
153,"Farfán, J., Cerdeña, J., Condori-Mamani, M., Huanca-Mamani, W. & Vargas, H.A.",First record of Alucita danunciae (Lepidoptera: Alucitidae) in Peru,2020,Studies on Neotropical Fauna and Environment,55(2),,103-108,https://doi.org/10.1080/01650521.2019.1702617,
154,"Bippus, M.","Records of Lepidoptera from the Malagasy region with description of new species (Lepidoptera: Tortricidae, Noctuidae, Alucitidae, Choreutidae, Euteliidae, Gelechiidae, Blastobasidae, Pterophoridae, Tonzidae, Tineidae, Praydidae, Cosmopterigidae, Batrachedridae)",2020,Phelsuma,28,2020,60-100,https://islandbiodiversity.com/Phelsuma28h.pdf,
155,"Buchsbaum, I., Chen, M.-Y. & Chen, D.J.","Pterotopteryx taoa sp. nov. from Lanyu Island, Taiwan",2020,Spixiana,43(1),,137-145,https://www.pfeil-verlag.de/wp-content/uploads/2020/12/SPIX_43_1_16_BU.pdf,
156,"Kovtunovich, V., Ustjuzhanin, P., Streltzov, A.N. & Usjuzhanina, A.K.",New species of Alucitidae from Republic of South Africa (Lepidoptera: Alucitidae),2021,SHILAP Revista de Lepidopterología,49(193),,123-127,,
157,"Ustjuzhanin, P., Kovtunovich, V. & Streltzov, A.","Two new species and new records of many-plumed moths of the genus Microschismus Fletcher, 1909 (Lepidoptera: Alucitidae) from the Republic of South Africa with corld catalogue of the genus",2020,Russian Entomological Journal,29,4,423-427,https://doi.org/10.15298/rusentj.29.4.10,
